cluster,37
lv,1.0
opt,Co2L0-1H-solar+p3-dist1
planning_horizon,2030
AC,85.39859118337425
co2,-2503604240.1440463
co2 stored,0.010792999999999999
gas,-50071905.116059005
H2,52.87767044964089
battery,86.13467404581552
low voltage,90.83138709736814
home battery,89.85536862722897
